,Unnamed: 0,date,activity,distance,time,cumulative_distance,cumulative_time,cumulative_hours,%_of_10000,month,year,month_year,dayofweek,week,distance_km,cumulative_distance_km
0,0,2019-10-12,Park Run,5000.0,28.19,5000.0,28.19,0.4698333333333334,0.0046983333333333,10,2019,201910,5,0,5.0,5.0
1,1,2019-10-13,Run,5019.0,29.13,10019.0,57.32,0.9553333333333334,0.0095533333333333,10,2019,201910,6,0,5.019,10.019
2,2,2019-10-14,,,,10019.0,57.32,0.9553333333333334,0.0095533333333333,10,2019,201910,0,2,,10.019
3,3,2019-10-15,,,,10019.0,57.32,0.9553333333333334,0.0095533333333333,10,2019,201910,1,2,,10.019
4,4,2019-10-16,Run,6021.0,38.06,16040.0,95.38,1.5896666666666668,0.0158966666666666,10,2019,201910,2,2,6.021,16.04
5,5,2019-10-17,Run,5011.0,29.53,21051.0,124.91,2.0818333333333334,0.020885,10,2019,201910,3,2,5.011,21.051
6,6,2019-10-18,,,,21051.0,124.91,2.0818333333333334,0.020885,10,2019,201910,4,2,,21.051
7,7,2019-10-19,Park Run,5000.0,25.25,26051.0,150.16,2.502666666666667,0.0250933333333333,10,2019,201910,5,2,5.0,26.051
8,8,2019-10-20,,,,26051.0,150.16,2.502666666666667,0.0250933333333333,10,2019,201910,6,2,,26.051
9,9,2019-10-21,Run,10006.0,55.06,36057.0,205.22,3.4203333333333337,0.0343366666666666,10,2019,201910,0,3,10.006,36.057
10,10,2019-10-22,,,,36057.0,205.22,3.4203333333333337,0.0343366666666666,10,2019,201910,1,3,,36.057
11,11,2019-10-23,Cooper Run,2750.0,12.0,38807.0,217.22,3.620333333333334,0.0363366666666666,10,2019,201910,2,3,2.75,38.807
12,12,2019-10-24,,,,38807.0,217.22,3.620333333333334,0.0363366666666666,10,2019,201910,3,3,,38.807
13,13,2019-10-25,,,,38807.0,217.22,3.620333333333334,0.0363366666666666,10,2019,201910,4,3,,38.807
14,14,2019-10-26,,,,38807.0,217.22,3.620333333333334,0.0363366666666666,10,2019,201910,5,3,,38.807
15,15,2019-10-27,,,,38807.0,217.22,3.620333333333334,0.0363366666666666,10,2019,201910,6,3,,38.807
16,16,2019-10-28,,,,38807.0,217.22,3.620333333333334,0.0363366666666666,10,2019,201910,0,4,,38.807
17,17,2019-10-29,Treadmil Run,10000.0,54.32,48807.0,271.54,4.525666666666667,0.04539,10,2019,201910,1,4,10.0,48.807
18,18,2019-10-30,Spin Class ,8000.0,30.0,56807.0,301.54,5.025666666666667,0.05039,10,2019,201910,2,4,8.0,56.807
19,19,2019-10-31,Treadmil Run,5000.0,25.0,61807.0,326.54,5.442333333333334,0.0545566666666666,10,2019,201910,3,4,5.0,61.807
20,20,2019-11-01,,,,61807.0,326.54,5.442333333333334,0.0545566666666666,11,2019,201911,4,4,,61.807
21,21,2019-11-02,Park Run,5000.0,23.5,66807.0,350.04,5.8340000000000005,0.05854,11,2019,201911,5,4,5.0,66.807
22,22,2019-11-03,,,,66807.0,350.04,5.8340000000000005,0.05854,11,2019,201911,6,4,,66.807
23,23,2019-11-04,Treadmil Run,5000.0,29.0,71807.0,379.04,6.317333333333334,0.0633733333333333,11,2019,201911,0,5,5.0,71.807
24,24,2019-11-05,Run,4750.0,26.0,76557.0,405.04,6.7506666666666675,0.0677066666666666,11,2019,201911,1,5,4.75,76.557
25,25,2019-11-06,,,,76557.0,405.04,6.7506666666666675,0.0677066666666666,11,2019,201911,2,5,,76.557
26,26,2019-11-07,Run,12150.0,64.38,88707.0,469.42,7.823666666666668,0.0785033333333333,11,2019,201911,3,5,12.15,88.707
27,27,2019-11-08,,,,88707.0,469.42,7.823666666666668,0.0785033333333333,11,2019,201911,4,5,,88.707
28,28,2019-11-09,,,,88707.0,469.42,7.823666666666668,0.0785033333333333,11,2019,201911,5,5,,88.707
29,29,2019-11-10,,,,88707.0,469.42,7.823666666666668,0.0785033333333333,11,2019,201911,6,5,,88.707
30,30,2019-11-11,Sprints,3500.0,25.0,92207.0,494.42,8.240333333333334,0.08267,11,2019,201911,0,6,3.5,92.207
31,31,2019-11-11,Spin Class ,8500.0,30.0,100707.0,524.4200000000001,8.740333333333334,0.08767,11,2019,201911,0,7,8.5,100.707
32,32,2019-11-12,Sprints,4250.0,25.0,104957.0,549.4200000000001,9.157,0.0918366666666666,11,2019,201911,1,7,4.25,104.957
33,33,2019-11-13,,,,104957.0,549.4200000000001,9.157,0.0918366666666666,11,2019,201911,2,7,,104.957
34,34,2019-11-14,Treadmil Run,15000.0,82.0,119957.0,631.4200000000001,10.523666666666667,0.1055033333333333,11,2019,201911,3,7,15.0,119.957
35,35,2019-11-15,,,,119957.0,631.4200000000001,10.523666666666667,0.1055033333333333,11,2019,201911,4,7,,119.957
36,36,2019-11-16,,,,119957.0,631.4200000000001,10.523666666666667,0.1055033333333333,11,2019,201911,5,7,,119.957
37,37,2019-11-17,,,,119957.0,631.4200000000001,10.523666666666667,0.1055033333333333,11,2019,201911,6,7,,119.957
38,38,2019-11-18,Treadmil Run,5000.0,23.2,124957.0,654.6200000000001,10.910333333333334,0.10937,11,2019,201911,0,8,5.0,124.957
39,39,2019-11-19,,,,124957.0,654.6200000000001,10.910333333333334,0.10937,11,2019,201911,1,8,,124.957
40,40,2019-11-20,Run,21000.0,115.08,145957.0,769.7000000000002,12.828333333333333,0.12855,11,2019,201911,2,8,21.0,145.957
41,41,2019-11-21,,,,145957.0,769.7000000000002,12.828333333333333,0.12855,11,2019,201911,3,8,,145.957
42,42,2019-11-22,,,,145957.0,769.7000000000002,12.828333333333333,0.12855,11,2019,201911,4,8,,145.957
43,43,2019-11-23,Park Run,5000.0,24.01,150957.0,793.7100000000002,13.2285,0.1325516666666666,11,2019,201911,5,8,5.0,150.957
44,44,2019-11-24,,,,150957.0,793.7100000000002,13.2285,0.1325516666666666,11,2019,201911,6,8,,150.957
45,45,2019-11-25,,,,150957.0,793.7100000000002,13.2285,0.1325516666666666,11,2019,201911,0,9,,150.957
46,46,2019-11-26,,,,150957.0,793.7100000000002,13.2285,0.1325516666666666,11,2019,201911,1,9,,150.957
47,47,2019-11-27,,,,150957.0,793.7100000000002,13.2285,0.1325516666666666,11,2019,201911,2,9,,150.957
48,48,2019-11-28,,,,150957.0,793.7100000000002,13.2285,0.1325516666666666,11,2019,201911,3,9,,150.957
49,49,2019-11-29,,,,150957.0,793.7100000000002,13.2285,0.1325516666666666,11,2019,201911,4,9,,150.957
50,50,2019-11-30,,,,150957.0,793.7100000000002,13.2285,0.1325516666666666,11,2019,201911,5,9,,150.957
51,51,2019-12-01,,,,150957.0,793.7100000000002,13.2285,0.1325516666666666,12,2019,201912,6,9,,150.957
52,52,2019-12-02,,,,150957.0,793.7100000000002,13.2285,0.1325516666666666,12,2019,201912,0,10,,150.957
53,53,2019-12-03,,,,150957.0,793.7100000000002,13.2285,0.1325516666666666,12,2019,201912,1,10,,150.957
54,54,2019-12-04,,,,150957.0,793.7100000000002,13.2285,0.1325516666666666,12,2019,201912,2,10,,150.957
55,55,2019-12-05,,,,150957.0,793.7100000000002,13.2285,0.1325516666666666,12,2019,201912,3,10,,150.957
56,56,2019-12-06,,,,150957.0,793.7100000000002,13.2285,0.1325516666666666,12,2019,201912,4,10,,150.957
57,57,2019-12-07,,,,150957.0,793.7100000000002,13.2285,0.1325516666666666,12,2019,201912,5,10,,150.957
58,58,2019-12-08,,,,150957.0,793.7100000000002,13.2285,0.1325516666666666,12,2019,201912,6,10,,150.957
59,59,2019-12-09,Run,6500.0,35.0,157457.0,828.7100000000002,13.811833333333334,0.1383849999999999,12,2019,201912,0,11,6.5,157.457
60,60,2019-12-10,,,,157457.0,828.7100000000002,13.811833333333334,0.1383849999999999,12,2019,201912,1,11,,157.457
61,61,2019-12-11,,,,157457.0,828.7100000000002,13.811833333333334,0.1383849999999999,12,2019,201912,2,11,,157.457
62,62,2019-12-12,,,,157457.0,828.7100000000002,13.811833333333334,0.1383849999999999,12,2019,201912,3,11,,157.457
63,63,2019-12-13,,,,157457.0,828.7100000000002,13.811833333333334,0.1383849999999999,12,2019,201912,4,11,,157.457
64,64,2019-12-14,,,,157457.0,828.7100000000002,13.811833333333334,0.1383849999999999,12,2019,201912,5,11,,157.457
65,65,2019-12-15,,,,157457.0,828.7100000000002,13.811833333333334,0.1383849999999999,12,2019,201912,6,11,,157.457
66,66,2019-12-16,,,,157457.0,828.7100000000002,13.811833333333334,0.1383849999999999,12,2019,201912,0,12,,157.457
67,67,2019-12-17,,,,157457.0,828.7100000000002,13.811833333333334,0.1383849999999999,12,2019,201912,1,12,,157.457
68,68,2019-12-18,,,,157457.0,828.7100000000002,13.811833333333334,0.1383849999999999,12,2019,201912,2,12,,157.457
69,69,2019-12-19,Run,5500.0,30.0,162957.0,858.7100000000002,14.311833333333334,0.1433849999999999,12,2019,201912,3,12,5.5,162.957
70,70,2019-12-20,,,,162957.0,858.7100000000002,14.311833333333334,0.1433849999999999,12,2019,201912,4,12,,162.957
71,71,2019-12-21,,,,162957.0,858.7100000000002,14.311833333333334,0.1433849999999999,12,2019,201912,5,12,,162.957
72,72,2019-12-22,,,,162957.0,858.7100000000002,14.311833333333334,0.1433849999999999,12,2019,201912,6,12,,162.957
73,73,2019-12-23,,,,162957.0,858.7100000000002,14.311833333333334,0.1433849999999999,12,2019,201912,0,13,,162.957
74,74,2019-12-24,,,,162957.0,858.7100000000002,14.311833333333334,0.1433849999999999,12,2019,201912,1,13,,162.957
75,75,2019-12-25,,,,162957.0,858.7100000000002,14.311833333333334,0.1433849999999999,12,2019,201912,2,13,,162.957
76,76,2019-12-26,,,,162957.0,858.7100000000002,14.311833333333334,0.1433849999999999,12,2019,201912,3,13,,162.957
77,77,2019-12-27,,,,162957.0,858.7100000000002,14.311833333333334,0.1433849999999999,12,2019,201912,4,13,,162.957
78,78,2019-12-28,,,,162957.0,858.7100000000002,14.311833333333334,0.1433849999999999,12,2019,201912,5,13,,162.957
79,79,2019-12-29,,,,162957.0,858.7100000000002,14.311833333333334,0.1433849999999999,12,2019,201912,6,13,,162.957
80,80,2019-12-30,Run,15000.0,85.0,177957.0,943.7100000000002,15.7285,0.1575516666666666,12,2019,201912,0,14,15.0,177.957
81,81,2019-12-31,,,,177957.0,943.7100000000002,15.7285,0.1575516666666666,12,2019,201912,1,14,,177.957
82,82,2020-01-01,,,,177957.0,943.7100000000002,15.7285,0.1575516666666666,01,2020,202001,2,14,,177.957
83,83,2020-01-02,,,,177957.0,943.7100000000002,15.7285,0.1575516666666666,01,2020,202001,3,14,,177.957
84,84,2020-01-03,Hike,8000.0,100.0,185957.0,1043.71,17.395166666666668,0.1742183333333333,01,2020,202001,4,14,8.0,185.957
85,85,2020-01-04,Park Run,5000.0,23.31,190957.0,1067.02,17.78366666666667,0.17817,01,2020,202001,5,14,5.0,190.957
86,86,2020-01-05,,,,190957.0,1067.02,17.78366666666667,0.17817,01,2020,202001,6,14,,190.957
87,87,2020-01-06,Chargers Run,6500.0,35.0,197457.0,1102.02,18.367,0.1840033333333333,01,2020,202001,0,15,6.5,197.457
88,88,2020-01-07,,,,197457.0,1102.02,18.367,0.1840033333333333,01,2020,202001,1,15,,197.457
89,89,2020-01-08,Run,13000.0,80.0,210457.0,1182.02,19.700333333333333,0.1973366666666666,01,2020,202001,2,15,13.0,210.457
90,90,2020-01-09,,,,210457.0,1182.02,19.700333333333333,0.1973366666666666,01,2020,202001,3,15,,210.457
91,91,2020-01-10,,,,210457.0,1182.02,19.700333333333333,0.1973366666666666,01,2020,202001,4,15,,210.457
92,92,2020-01-11,,,,210457.0,1182.02,19.700333333333333,0.1973366666666666,01,2020,202001,5,15,,210.457
93,93,2020-01-12,,,,210457.0,1182.02,19.700333333333333,0.1973366666666666,01,2020,202001,6,15,,210.457
94,94,2020-01-13,Chargers Run,6000.0,45.0,216457.0,1227.02,20.450333333333333,0.2048366666666666,01,2020,202001,0,16,6.0,216.457
95,95,2020-01-14,,,,216457.0,1227.02,20.450333333333333,0.2048366666666666,01,2020,202001,1,16,,216.457
96,96,2020-01-15,Run,18000.0,110.0,234457.0,1337.02,22.283666666666665,0.22317,01,2020,202001,2,16,18.0,234.457
97,97,2020-01-16,Chargers Run,7200.0,45.0,241657.0,1382.02,23.033666666666665,0.23067,01,2020,202001,3,16,7.2,241.657
98,98,2020-01-17,,,,241657.0,1382.02,23.033666666666665,0.23067,01,2020,202001,4,16,,241.657
99,99,2020-01-18,Park Run,5000.0,22.4,246657.0,1404.42,23.407,0.2344033333333333,01,2020,202001,5,16,5.0,246.657
100,100,2020-01-19,,,,246657.0,1404.42,23.407,0.2344033333333333,01,2020,202001,6,16,,246.657
101,101,2020-01-20,Chargers Run,6800.0,45.0,253457.0,1449.42,24.157,0.2419033333333333,01,2020,202001,0,17,6.8,253.457
102,102,2020-01-21,,,,253457.0,1449.42,24.157,0.2419033333333333,01,2020,202001,1,17,,253.457
103,103,2020-01-22,,,,253457.0,1449.42,24.157,0.2419033333333333,01,2020,202001,2,17,,253.457
104,104,2020-01-23,Run,19000.0,110.0,272457.0,1559.42,25.990333333333332,0.2602366666666666,01,2020,202001,3,17,19.0,272.457
105,105,2020-01-24,,,,272457.0,1559.42,25.990333333333332,0.2602366666666666,01,2020,202001,4,17,,272.457
106,106,2020-01-25,Park Run,5000.0,24.36,277457.0,1583.78,26.39633333333333,0.2643633333333333,01,2020,202001,5,17,5.0,277.457
107,107,2020-01-26,,,,277457.0,1583.78,26.39633333333333,0.2643633333333333,01,2020,202001,6,17,,277.457
108,108,2020-01-27,Chargers Run,7500.0,45.0,284957.0,1628.78,27.14633333333333,0.2718633333333333,01,2020,202001,0,18,7.5,284.957
109,109,2020-01-28,,,,284957.0,1628.78,27.14633333333333,0.2718633333333333,01,2020,202001,1,18,,284.957
110,110,2020-01-29,,,,284957.0,1628.78,27.14633333333333,0.2718633333333333,01,2020,202001,2,18,,284.957
111,111,2020-01-30,Chargers Run,7500.0,45.0,292457.0,1673.78,27.89633333333333,0.2793633333333333,01,2020,202001,3,18,7.5,292.457
112,112,2020-01-31,Run,23000.0,135.0,315457.0,1808.78,30.14633333333333,0.3018633333333333,01,2020,202001,4,18,23.0,315.457
113,113,2020-02-01,,,,315457.0,1808.78,30.14633333333333,0.3018633333333333,02,2020,202002,5,18,,315.457
114,114,2020-02-02,,,,315457.0,1808.78,30.14633333333333,0.3018633333333333,02,2020,202002,6,18,,315.457
115,115,2020-02-03,Chargers Run,7500.0,45.0,322957.0,1853.78,30.89633333333333,0.3093633333333333,02,2020,202002,0,19,7.5,322.957
116,116,2020-02-04,,,,322957.0,1853.78,30.89633333333333,0.3093633333333333,02,2020,202002,1,19,,322.957
117,117,2020-02-05,Run,12000.0,85.0,334957.0,1938.78,32.312999999999995,0.32353,02,2020,202002,2,19,12.0,334.957
118,118,2020-02-06,,,,334957.0,1938.78,32.312999999999995,0.32353,02,2020,202002,3,19,,334.957
119,119,2020-02-07,,,,334957.0,1938.78,32.312999999999995,0.32353,02,2020,202002,4,19,,334.957
120,120,2020-02-08,Park Run,5000.0,21.25,339957.0,1960.03,32.66716666666666,0.3270716666666666,02,2020,202002,5,19,5.0,339.957
121,121,2020-02-09,,,,339957.0,1960.03,32.66716666666666,0.3270716666666666,02,2020,202002,6,19,,339.957
122,122,2020-02-10,Run,4800.0,32.45,344757.0,1992.48,33.20799999999999,0.3325466666666666,02,2020,202002,0,20,4.8,344.757
123,123,2020-02-11,,,,344757.0,1992.48,33.20799999999999,0.3325466666666666,02,2020,202002,1,20,,344.757
124,124,2020-02-12,,,,344757.0,1992.48,33.20799999999999,0.3325466666666666,02,2020,202002,2,20,,344.757
125,125,2020-02-13,Run,22400.0,133.0,367157.0,2125.48,35.42466666666666,0.3547133333333334,02,2020,202002,3,20,22.4,367.157
126,126,2020-02-14,,,,367157.0,2125.48,35.42466666666666,0.3547133333333334,02,2020,202002,4,20,,367.157
127,127,2020-02-15,Park Run,5000.0,22.25,372157.0,2147.73,35.79549999999999,0.3584216666666667,02,2020,202002,5,20,5.0,372.157
128,128,2020-02-16,,,,372157.0,2147.73,35.79549999999999,0.3584216666666667,02,2020,202002,6,20,,372.157
129,129,2020-02-17,Chargers Run,8000.0,55.0,380157.0,2202.73,36.712166666666654,0.3675883333333333,02,2020,202002,0,21,8.0,380.157
130,130,2020-02-18,,,,380157.0,2202.73,36.712166666666654,0.3675883333333333,02,2020,202002,1,21,,380.157
131,131,2020-02-19,Run,12000.0,75.0,392157.0,2277.73,37.962166666666654,0.3800883333333333,02,2020,202002,2,21,12.0,392.157
132,132,2020-02-20,Swim,1000.0,45.0,393157.0,2322.73,38.712166666666654,0.3875883333333333,02,2020,202002,3,21,1.0,393.157
133,133,2020-02-20,Chargers Run,7500.0,45.0,400657.0,2367.73,39.462166666666654,0.3950883333333334,02,2020,202002,3,21,7.5,400.657
134,134,2020-02-21,,,,400657.0,2367.73,39.462166666666654,0.3950883333333334,02,2020,202002,4,21,,400.657
135,135,2020-02-22,Park Run,5000.0,21.55,405657.0,2389.28,39.82133333333332,0.3987466666666666,02,2020,202002,5,21,5.0,405.657
136,136,2020-02-23,,,,405657.0,2389.28,39.82133333333332,0.3987466666666666,02,2020,202002,6,21,,405.657
137,137,2020-02-24,Chargers Run,7500.0,45.0,413157.0,2434.28,40.57133333333332,0.4062466666666667,02,2020,202002,0,22,7.5,413.157
138,138,2020-02-25,,,,413157.0,2434.28,40.57133333333332,0.4062466666666667,02,2020,202002,1,22,,413.157
139,139,2020-02-26,Run,21000.0,125.0,434157.0,2559.28,42.65466666666666,0.42708,02,2020,202002,2,22,21.0,434.157
140,140,2020-02-27,,,,434157.0,2559.28,42.65466666666666,0.42708,02,2020,202002,3,22,,434.157
141,141,2020-02-28,,,,434157.0,2559.28,42.65466666666666,0.42708,02,2020,202002,4,22,,434.157
142,142,2020-02-29,,,,434157.0,2559.28,42.65466666666666,0.42708,02,2020,202002,5,22,,434.157
143,143,2020-03-01,,,,434157.0,2559.28,42.65466666666666,0.42708,03,2020,202003,6,22,,434.157
144,144,2020-03-02,,,,434157.0,2559.28,42.65466666666666,0.42708,03,2020,202003,0,23,,434.157
145,145,2020-03-03,,,,434157.0,2559.28,42.65466666666666,0.42708,03,2020,202003,1,23,,434.157
146,146,2020-03-04,,,,434157.0,2559.28,42.65466666666666,0.42708,03,2020,202003,2,23,,434.157
147,147,2020-03-05,,,,434157.0,2559.28,42.65466666666666,0.42708,03,2020,202003,3,23,,434.157
148,148,2020-03-06,,,,434157.0,2559.28,42.65466666666666,0.42708,03,2020,202003,4,23,,434.157
149,149,2020-03-07,,,,434157.0,2559.28,42.65466666666666,0.42708,03,2020,202003,5,23,,434.157
150,150,2020-03-08,Race!,21000.0,110.0,455157.0,2669.28,44.48799999999999,0.4454133333333333,03,2020,202003,6,23,21.0,455.157
151,151,2020-03-09,,,,455157.0,2669.28,44.48799999999999,0.4454133333333333,03,2020,202003,0,24,,455.157
152,152,2020-03-10,,,,455157.0,2669.28,44.48799999999999,0.4454133333333333,03,2020,202003,1,24,,455.157
153,153,2020-03-11,,,,455157.0,2669.28,44.48799999999999,0.4454133333333333,03,2020,202003,2,24,,455.157
154,154,2020-03-12,Chargers Run,10000.0,55.0,465157.0,2724.28,45.40466666666666,0.45458,03,2020,202003,3,24,10.0,465.157
155,155,2020-03-13,,,,465157.0,2724.28,45.40466666666666,0.45458,03,2020,202003,4,24,,465.157
156,156,2020-03-14,Park Run,5000.0,21.33,470157.0,2745.61,45.760166666666656,0.4582016666666667,03,2020,202003,5,24,5.0,470.157
157,157,2020-03-15,,,,470157.0,2745.61,45.760166666666656,0.4582016666666667,03,2020,202003,6,24,,470.157
158,158,2020-03-16,Run,6000.0,30.0,476157.0,2775.61,46.260166666666656,0.4632016666666666,03,2020,202003,0,25,6.0,476.157
159,159,2020-03-17,,,,476157.0,2775.61,46.260166666666656,0.4632016666666666,03,2020,202003,1,25,,476.157
160,160,2020-03-18,,,,476157.0,2775.61,46.260166666666656,0.4632016666666666,03,2020,202003,2,25,,476.157
161,161,2020-03-19,Run,12000.0,66.0,488157.0,2841.61,47.36016666666666,0.4742016666666667,03,2020,202003,3,25,12.0,488.157
162,162,2020-03-20,Run,4300.0,30.0,492457.0,2871.61,47.86016666666666,0.4792016666666667,03,2020,202003,4,25,4.3,492.457
163,163,2020-03-21,,,,492457.0,2871.61,47.86016666666666,0.4792016666666667,03,2020,202003,5,25,,492.457
164,164,2020-03-22,,,,492457.0,2871.61,47.86016666666666,0.4792016666666667,03,2020,202003,6,25,,492.457
165,165,2020-03-23,,,,492457.0,2871.61,47.86016666666666,0.4792016666666667,03,2020,202003,0,26,,492.457
166,166,2020-03-24,Run,4300.0,30.0,496757.0,2901.61,48.36016666666666,0.4842016666666666,03,2020,202003,1,26,4.3,496.757
167,167,2020-03-25,,,,496757.0,2901.61,48.36016666666666,0.4842016666666666,03,2020,202003,2,26,,496.757
168,168,2020-03-26,,,,496757.0,2901.61,48.36016666666666,0.4842016666666666,03,2020,202003,3,26,,496.757
169,169,2020-03-27,,,,496757.0,2901.61,48.36016666666666,0.4842016666666666,03,2020,202003,4,26,,496.757
170,170,2020-03-28,,,,496757.0,2901.61,48.36016666666666,0.4842016666666666,03,2020,202003,5,26,,496.757
171,171,2020-03-29,,,,496757.0,2901.61,48.36016666666666,0.4842016666666666,03,2020,202003,6,26,,496.757
172,172,2020-03-30,Run,5000.0,22.3,501757.0,2923.9100000000003,48.73183333333333,0.4879183333333333,03,2020,202003,0,27,5.0,501.757
173,173,2020-03-31,,,,501757.0,2923.9100000000003,48.73183333333333,0.4879183333333333,03,2020,202003,1,27,,501.757
174,174,2020-04-01,,,,501757.0,2923.9100000000003,48.73183333333333,0.4879183333333333,04,2020,202004,2,27,,501.757
175,175,2020-04-02,Run,12000.0,65.0,513757.0,2988.9100000000003,49.81516666666666,0.4987516666666667,04,2020,202004,3,27,12.0,513.757
176,176,2020-04-03,,,,513757.0,2988.9100000000003,49.81516666666666,0.4987516666666667,04,2020,202004,4,27,,513.757
177,177,2020-04-04,,,,513757.0,2988.9100000000003,49.81516666666666,0.4987516666666667,04,2020,202004,5,27,,513.757
178,178,2020-04-05,Run,5850.0,32.0,519607.0,3020.9100000000003,50.348499999999994,0.504085,04,2020,202004,6,27,5.85,519.607
179,179,2020-04-06,,,,519607.0,3020.9100000000003,50.348499999999994,0.504085,04,2020,202004,0,28,,519.607
180,180,2020-04-07,Sprints,2500.0,20.0,522107.0,3040.9100000000003,50.68183333333333,0.5074183333333333,04,2020,202004,1,28,2.5,522.107
181,181,2020-04-08,,,,522107.0,3040.9100000000003,50.68183333333333,0.5074183333333333,04,2020,202004,2,28,,522.107
182,182,2020-04-09,,,,522107.0,3040.9100000000003,50.68183333333333,0.5074183333333333,04,2020,202004,3,28,,522.107
183,183,2020-04-10,,,,522107.0,3040.9100000000003,50.68183333333333,0.5074183333333333,04,2020,202004,4,28,,522.107
184,184,2020-04-11,Run,13000.0,75.0,535107.0,3115.9100000000003,51.93183333333333,0.5199183333333334,04,2020,202004,5,28,13.0,535.107
185,185,2020-04-12,Run,5000.0,25.0,540107.0,3140.9100000000003,52.348499999999994,0.524085,04,2020,202004,6,28,5.0,540.107
186,186,2020-04-13,,,,540107.0,3140.9100000000003,52.348499999999994,0.524085,04,2020,202004,0,29,,540.107
187,187,2020-04-14,Run,7000.0,40.0,547107.0,3180.9100000000003,53.01516666666666,0.5307516666666667,04,2020,202004,1,29,7.0,547.107
188,188,2020-04-15,,,,547107.0,3180.9100000000003,53.01516666666666,0.5307516666666667,04,2020,202004,2,29,,547.107
189,189,2020-04-16,Run,6800.0,36.0,553907.0,3216.9100000000003,53.61516666666666,0.5367516666666667,04,2020,202004,3,29,6.8,553.907
190,190,2020-04-17,,,,553907.0,3216.9100000000003,53.61516666666666,0.5367516666666667,04,2020,202004,4,29,,553.907
191,191,2020-04-18,,,,553907.0,3216.9100000000003,53.61516666666666,0.5367516666666667,04,2020,202004,5,29,,553.907
192,192,2020-04-19,,,,553907.0,3216.9100000000003,53.61516666666666,0.5367516666666667,04,2020,202004,6,29,,553.907
193,193,2020-04-20,Run,9000.0,48.0,562907.0,3264.9100000000003,54.41516666666666,0.5447516666666666,04,2020,202004,0,30,9.0,562.907
194,194,2020-04-21,Run,5140.0,29.3,568047.0,3294.2100000000005,54.903499999999994,0.5497016666666666,04,2020,202004,1,30,5.14,568.047
195,195,2020-04-22,,,,568047.0,3294.2100000000005,54.903499999999994,0.5497016666666666,04,2020,202004,2,30,,568.047
196,196,2020-04-23,,,,568047.0,3294.2100000000005,54.903499999999994,0.5497016666666666,04,2020,202004,3,30,,568.047
197,197,2020-04-24,,,,568047.0,3294.2100000000005,54.903499999999994,0.5497016666666666,04,2020,202004,4,30,,568.047
198,198,2020-04-25,,,,568047.0,3294.2100000000005,54.903499999999994,0.5497016666666666,04,2020,202004,5,30,,568.047
199,199,2020-04-26,Run,10650.0,54.0,578697.0,3348.2100000000005,55.80349999999999,0.5587016666666667,04,2020,202004,6,30,10.65,578.697
200,200,2020-04-27,Run,5000.0,29.0,583697.0,3377.2100000000005,56.28683333333333,0.563535,04,2020,202004,0,31,5.0,583.697
201,201,2020-04-28,,,,583697.0,3377.2100000000005,56.28683333333333,0.563535,04,2020,202004,1,31,,583.697
202,202,2020-04-29,,,,583697.0,3377.2100000000005,56.28683333333333,0.563535,04,2020,202004,2,31,,583.697
203,203,2020-04-30,,,,583697.0,3377.2100000000005,56.28683333333333,0.563535,04,2020,202004,3,31,,583.697
204,204,2020-05-01,Run,12800.0,78.0,596497.0,3455.2100000000005,57.586833333333324,0.576535,05,2020,202005,4,31,12.8,596.497
205,205,2020-05-02,Run,7200.0,35.0,603697.0,3490.2100000000005,58.17016666666666,0.5823683333333334,05,2020,202005,5,31,7.2,603.697
206,206,2020-05-03,Run,5290.0,24.0,608987.0,3514.2100000000005,58.57016666666666,0.5863683333333334,05,2020,202005,6,31,5.29,608.987
207,207,2020-05-04,Run,6000.0,32.0,614987.0,3546.2100000000005,59.10349999999999,0.5917016666666667,05,2020,202005,0,32,6.0,614.987
208,208,2020-05-05,Run,12500.0,60.0,627487.0,3606.2100000000005,60.10349999999999,0.6017016666666666,05,2020,202005,1,32,12.5,627.487
209,209,2020-05-06,Run,5600.0,36.0,633087.0,3642.2100000000005,60.70349999999999,0.6077016666666667,05,2020,202005,2,32,5.6,633.087
210,210,2020-05-07,,,,633087.0,3642.2100000000005,60.70349999999999,0.6077016666666667,05,2020,202005,3,32,,633.087
211,211,2020-05-08,Run,6600.0,36.0,639687.0,3678.2100000000005,61.30349999999999,0.6137016666666667,05,2020,202005,4,32,6.6,639.687
212,212,2020-05-09,,,,639687.0,3678.2100000000005,61.30349999999999,0.6137016666666667,05,2020,202005,5,32,,639.687
213,213,2020-05-10,,,,639687.0,3678.2100000000005,61.30349999999999,0.6137016666666667,05,2020,202005,6,32,,639.687
214,214,2020-05-11,,,,639687.0,3678.2100000000005,61.30349999999999,0.6137016666666667,05,2020,202005,0,33,,639.687
215,215,2020-05-12,,,,639687.0,3678.2100000000005,61.30349999999999,0.6137016666666667,05,2020,202005,1,33,,639.687
216,216,2020-05-13,Run,5000.0,21.05,644687.0,3699.2600000000007,61.65433333333333,0.61721,05,2020,202005,2,33,5.0,644.687
217,217,2020-05-14,,,,644687.0,3699.2600000000007,61.65433333333333,0.61721,05,2020,202005,3,33,,644.687
218,218,2020-05-15,,,,644687.0,3699.2600000000007,61.65433333333333,0.61721,05,2020,202005,4,33,,644.687
219,219,2020-05-16,,,,644687.0,3699.2600000000007,61.65433333333333,0.61721,05,2020,202005,5,33,,644.687
220,220,2020-05-17,,,,644687.0,3699.2600000000007,61.65433333333333,0.61721,05,2020,202005,6,33,,644.687
221,221,2020-05-18,Run,4000.0,20.0,648687.0,3719.2600000000007,61.98766666666666,0.6205433333333333,05,2020,202005,0,34,4.0,648.687
222,222,2020-05-19,,,,648687.0,3719.2600000000007,61.98766666666666,0.6205433333333333,05,2020,202005,1,34,,648.687
223,223,2020-05-20,Run,13000.0,80.0,661687.0,3799.2600000000007,63.321,0.6338766666666668,05,2020,202005,2,34,13.0,661.687
224,224,2020-05-21,,,,661687.0,3799.2600000000007,63.321,0.6338766666666668,05,2020,202005,3,34,,661.687
225,225,2020-05-22,Chargers Run,1000.0,3.31,662687.0,3802.5700000000006,63.37616666666666,0.6344283333333334,05,2020,202005,4,34,1.0,662.687
226,226,2020-05-22,Run,2000.0,9.3,664687.0,3811.870000000001,63.531166666666664,0.636045,05,2020,202005,4,34,2.0,664.687
227,227,2020-05-23,,,,664687.0,3811.870000000001,63.531166666666664,0.636045,05,2020,202005,5,34,,664.687
228,228,2020-05-24,,,,664687.0,3811.870000000001,63.531166666666664,0.636045,05,2020,202005,6,34,,664.687
229,229,2020-05-25,,,,664687.0,3811.870000000001,63.531166666666664,0.636045,05,2020,202005,0,35,,664.687
230,230,2020-05-26,,,,664687.0,3811.870000000001,63.531166666666664,0.636045,05,2020,202005,1,35,,664.687
231,231,2020-05-27,,,,664687.0,3811.870000000001,63.531166666666664,0.636045,05,2020,202005,2,35,,664.687
232,232,2020-05-28,,,,664687.0,3811.870000000001,63.531166666666664,0.636045,05,2020,202005,3,35,,664.687
233,233,2020-05-29,Run,7000.0,35.0,671687.0,3846.870000000001,64.11449999999999,0.6418783333333333,05,2020,202005,4,35,7.0,671.687
234,234,2020-05-30,,,,671687.0,3846.870000000001,64.11449999999999,0.6418783333333333,05,2020,202005,5,35,,671.687
235,235,2020-05-31,,,,671687.0,3846.870000000001,64.11449999999999,0.6418783333333333,05,2020,202005,6,35,,671.687
236,236,2020-06-01,,,,671687.0,3846.870000000001,64.11449999999999,0.6418783333333333,06,2020,202006,0,36,,671.687
237,237,2020-06-02,,,,671687.0,3846.870000000001,64.11449999999999,0.6418783333333333,06,2020,202006,1,36,,671.687
238,238,2020-06-03,,,,671687.0,3846.870000000001,64.11449999999999,0.6418783333333333,06,2020,202006,2,36,,671.687
239,239,2020-06-04,,,,671687.0,3846.870000000001,64.11449999999999,0.6418783333333333,06,2020,202006,3,36,,671.687
240,240,2020-06-05,,,,671687.0,3846.870000000001,64.11449999999999,0.6418783333333333,06,2020,202006,4,36,,671.687
241,241,2020-06-06,,,,671687.0,3846.870000000001,64.11449999999999,0.6418783333333333,06,2020,202006,5,36,,671.687
242,242,2020-06-07,,,,671687.0,3846.870000000001,64.11449999999999,0.6418783333333333,06,2020,202006,6,36,,671.687
243,243,2020-06-08,Chargers Run,6200.0,30.0,677887.0,3876.870000000001,64.61449999999999,0.6468783333333333,06,2020,202006,0,37,6.2,677.887
244,244,2020-06-09,,,,677887.0,3876.870000000001,64.61449999999999,0.6468783333333333,06,2020,202006,1,37,,677.887
245,245,2020-06-10,,,,677887.0,3876.870000000001,64.61449999999999,0.6468783333333333,06,2020,202006,2,37,,677.887
246,246,2020-06-11,,,,677887.0,3876.870000000001,64.61449999999999,0.6468783333333333,06,2020,202006,3,37,,677.887
247,247,2020-06-12,,,,677887.0,3876.870000000001,64.61449999999999,0.6468783333333333,06,2020,202006,4,37,,677.887
248,248,2020-06-13,,,,677887.0,3876.870000000001,64.61449999999999,0.6468783333333333,06,2020,202006,5,37,,677.887
249,249,2020-06-14,,,,677887.0,3876.870000000001,64.61449999999999,0.6468783333333333,06,2020,202006,6,37,,677.887
250,250,2020-06-15,,,,677887.0,3876.870000000001,64.61449999999999,0.6468783333333333,06,2020,202006,0,38,,677.887
251,251,2020-06-16,,,,677887.0,3876.870000000001,64.61449999999999,0.6468783333333333,06,2020,202006,1,38,,677.887
252,252,2020-06-17,,,,677887.0,3876.870000000001,64.61449999999999,0.6468783333333333,06,2020,202006,2,38,,677.887
253,253,2020-06-18,,,,677887.0,3876.870000000001,64.61449999999999,0.6468783333333333,06,2020,202006,3,38,,677.887
254,254,2020-06-19,,,,677887.0,3876.870000000001,64.61449999999999,0.6468783333333333,06,2020,202006,4,38,,677.887
255,255,2020-06-20,,,,677887.0,3876.870000000001,64.61449999999999,0.6468783333333333,06,2020,202006,5,38,,677.887
256,256,2020-06-21,,,,677887.0,3876.870000000001,64.61449999999999,0.6468783333333333,06,2020,202006,6,38,,677.887
257,257,2020-06-22,,,,677887.0,3876.870000000001,64.61449999999999,0.6468783333333333,06,2020,202006,0,39,,677.887
258,258,2020-06-23,,,,677887.0,3876.870000000001,64.61449999999999,0.6468783333333333,06,2020,202006,1,39,,677.887
259,259,2020-06-24,,,,677887.0,3876.870000000001,64.61449999999999,0.6468783333333333,06,2020,202006,2,39,,677.887
260,260,2020-06-25,,,,677887.0,3876.870000000001,64.61449999999999,0.6468783333333333,06,2020,202006,3,39,,677.887
261,261,2020-06-26,Run,8800.0,46.0,686687.0,3922.870000000001,65.38116666666666,0.654545,06,2020,202006,4,39,8.8,686.687
262,262,2020-06-27,,,,686687.0,3922.870000000001,65.38116666666666,0.654545,06,2020,202006,5,39,,686.687
263,263,2020-06-28,,,,686687.0,3922.870000000001,65.38116666666666,0.654545,06,2020,202006,6,39,,686.687
264,264,2020-06-29,,,,686687.0,3922.870000000001,65.38116666666666,0.654545,06,2020,202006,0,40,,686.687
265,265,2020-06-30,,,,686687.0,3922.870000000001,65.38116666666666,0.654545,06,2020,202006,1,40,,686.687
266,266,2020-07-01,Run,4250.0,21.0,690937.0,3943.870000000001,65.73116666666665,0.658045,07,2020,202007,2,40,4.25,690.937
267,267,2020-07-02,Run,8000.0,40.0,698937.0,3983.870000000001,66.39783333333332,0.6647116666666667,07,2020,202007,3,40,8.0,698.937
268,268,2020-07-03,,,,698937.0,3983.870000000001,66.39783333333332,0.6647116666666667,07,2020,202007,4,40,,698.937
269,269,2020-07-04,,,,698937.0,3983.870000000001,66.39783333333332,0.6647116666666667,07,2020,202007,5,40,,698.937
270,270,2020-07-05,,,,698937.0,3983.870000000001,66.39783333333332,0.6647116666666667,07,2020,202007,6,40,,698.937
271,271,2020-07-06,,,,698937.0,3983.870000000001,66.39783333333332,0.6647116666666667,07,2020,202007,0,41,,698.937
272,272,2020-07-07,,,,698937.0,3983.870000000001,66.39783333333332,0.6647116666666667,07,2020,202007,1,41,,698.937
273,273,2020-07-08,,,,698937.0,3983.870000000001,66.39783333333332,0.6647116666666667,07,2020,202007,2,41,,698.937
274,274,2020-07-09,,,,698937.0,3983.870000000001,66.39783333333332,0.6647116666666667,07,2020,202007,3,41,,698.937
275,275,2020-07-10,,,,698937.0,3983.870000000001,66.39783333333332,0.6647116666666667,07,2020,202007,4,41,,698.937
276,276,2020-07-11,,,,698937.0,3983.870000000001,66.39783333333332,0.6647116666666667,07,2020,202007,5,41,,698.937
277,277,2020-07-12,,,,698937.0,3983.870000000001,66.39783333333332,0.6647116666666667,07,2020,202007,6,41,,698.937
278,278,2020-07-13,,,,698937.0,3983.870000000001,66.39783333333332,0.6647116666666667,07,2020,202007,0,42,,698.937
279,279,2020-07-14,,,,698937.0,3983.870000000001,66.39783333333332,0.6647116666666667,07,2020,202007,1,42,,698.937
280,280,2020-07-15,,,,698937.0,3983.870000000001,66.39783333333332,0.6647116666666667,07,2020,202007,2,42,,698.937
281,281,2020-07-16,,,,698937.0,3983.870000000001,66.39783333333332,0.6647116666666667,07,2020,202007,3,42,,698.937
282,282,2020-07-17,,,,698937.0,3983.870000000001,66.39783333333332,0.6647116666666667,07,2020,202007,4,42,,698.937
283,283,2020-07-18,,,,698937.0,3983.870000000001,66.39783333333332,0.6647116666666667,07,2020,202007,5,42,,698.937
284,284,2020-07-19,,,,698937.0,3983.870000000001,66.39783333333332,0.6647116666666667,07,2020,202007,6,42,,698.937
285,285,2020-07-20,,,,698937.0,3983.870000000001,66.39783333333332,0.6647116666666667,07,2020,202007,0,43,,698.937
286,286,2020-07-21,,,,698937.0,3983.870000000001,66.39783333333332,0.6647116666666667,07,2020,202007,1,43,,698.937
287,287,2020-07-22,,,,698937.0,3983.870000000001,66.39783333333332,0.6647116666666667,07,2020,202007,2,43,,698.937
288,288,2020-07-23,,,,698937.0,3983.870000000001,66.39783333333332,0.6647116666666667,07,2020,202007,3,43,,698.937
289,289,2020-07-24,,,,698937.0,3983.870000000001,66.39783333333332,0.6647116666666667,07,2020,202007,4,43,,698.937
290,290,2020-07-25,,,,698937.0,3983.870000000001,66.39783333333332,0.6647116666666667,07,2020,202007,5,43,,698.937
291,291,2020-07-26,,,,698937.0,3983.870000000001,66.39783333333332,0.6647116666666667,07,2020,202007,6,43,,698.937
292,292,2020-07-27,,,,698937.0,3983.870000000001,66.39783333333332,0.6647116666666667,07,2020,202007,0,44,,698.937
293,293,2020-07-28,Chargers Run,7500.0,45.0,706437.0,4028.870000000001,67.14783333333332,0.6722116666666667,07,2020,202007,1,44,7.5,706.437
294,294,2020-07-29,,,,706437.0,4028.870000000001,67.14783333333332,0.6722116666666667,07,2020,202007,2,44,,706.437
295,295,2020-07-30,,,,706437.0,4028.870000000001,67.14783333333332,0.6722116666666667,07,2020,202007,3,44,,706.437
296,296,2020-07-31,,,,706437.0,4028.870000000001,67.14783333333332,0.6722116666666667,07,2020,202007,4,44,,706.437
297,297,2020-08-01,Run,5000.0,25.0,711437.0,4053.870000000001,67.5645,0.6763783333333333,08,2020,202008,5,44,5.0,711.437
298,298,2020-08-02,,,,711437.0,4053.870000000001,67.5645,0.6763783333333333,08,2020,202008,6,44,,711.437
299,299,2020-08-03,,,,711437.0,4053.870000000001,67.5645,0.6763783333333333,08,2020,202008,0,45,,711.437
300,300,2020-08-04,,,,711437.0,4053.870000000001,67.5645,0.6763783333333333,08,2020,202008,1,45,,711.437
301,301,2020-08-05,Run,6000.0,30.0,717437.0,4083.870000000001,68.0645,0.6813783333333333,08,2020,202008,2,45,6.0,717.437
302,302,2020-08-06,Run,5750.0,30.0,723187.0,4113.870000000001,68.5645,0.6863783333333334,08,2020,202008,3,45,5.75,723.187
303,303,2020-08-07,,,,723187.0,4113.870000000001,68.5645,0.6863783333333334,08,2020,202008,4,45,,723.187
304,304,2020-08-08,,,,723187.0,4113.870000000001,68.5645,0.6863783333333334,08,2020,202008,5,45,,723.187
305,305,2020-08-09,,,,723187.0,4113.870000000001,68.5645,0.6863783333333334,08,2020,202008,6,45,,723.187
306,306,2020-08-10,Chargers Run,6000.0,30.0,729187.0,4143.870000000001,69.0645,0.6913783333333334,08,2020,202008,0,46,6.0,729.187
307,307,2020-08-11,,,,729187.0,4143.870000000001,69.0645,0.6913783333333334,08,2020,202008,1,46,,729.187
308,308,2020-08-12,,,,729187.0,4143.870000000001,69.0645,0.6913783333333334,08,2020,202008,2,46,,729.187
309,309,2020-08-13,,,,729187.0,4143.870000000001,69.0645,0.6913783333333334,08,2020,202008,3,46,,729.187
310,310,2020-08-14,,,,729187.0,4143.870000000001,69.0645,0.6913783333333334,08,2020,202008,4,46,,729.187
311,311,2020-08-15,,,,729187.0,4143.870000000001,69.0645,0.6913783333333334,08,2020,202008,5,46,,729.187
312,312,2020-08-16,,,,729187.0,4143.870000000001,69.0645,0.6913783333333334,08,2020,202008,6,46,,729.187
313,313,2020-08-17,Chargers Run,6000.0,30.0,735187.0,4173.870000000001,69.5645,0.6963783333333334,08,2020,202008,0,47,6.0,735.187
314,314,2020-08-18,Run,5200.0,26.3,740387.0,4200.170000000001,70.00283333333333,0.7007616666666666,08,2020,202008,1,47,5.2,740.387
315,315,2020-08-19,,,,740387.0,4200.170000000001,70.00283333333333,0.7007616666666666,08,2020,202008,2,47,,740.387
316,316,2020-08-20,,,,740387.0,4200.170000000001,70.00283333333333,0.7007616666666666,08,2020,202008,3,47,,740.387
317,317,2020-08-21,,,,740387.0,4200.170000000001,70.00283333333333,0.7007616666666666,08,2020,202008,4,47,,740.387
318,318,2020-08-22,,,,740387.0,4200.170000000001,70.00283333333333,0.7007616666666666,08,2020,202008,5,47,,740.387
319,319,2020-08-23,,,,740387.0,4200.170000000001,70.00283333333333,0.7007616666666666,08,2020,202008,6,47,,740.387
320,320,2020-08-24,,,,740387.0,4200.170000000001,70.00283333333333,0.7007616666666666,08,2020,202008,0,48,,740.387
321,321,2020-08-25,,,,740387.0,4200.170000000001,70.00283333333333,0.7007616666666666,08,2020,202008,1,48,,740.387
322,322,2020-08-26,,,,740387.0,4200.170000000001,70.00283333333333,0.7007616666666666,08,2020,202008,2,48,,740.387
323,323,2020-08-27,,,,740387.0,4200.170000000001,70.00283333333333,0.7007616666666666,08,2020,202008,3,48,,740.387
324,324,2020-08-28,,,,740387.0,4200.170000000001,70.00283333333333,0.7007616666666666,08,2020,202008,4,48,,740.387
325,325,2020-08-29,,,,740387.0,4200.170000000001,70.00283333333333,0.7007616666666666,08,2020,202008,5,48,,740.387
326,326,2020-08-30,Run,6000.0,31.45,746387.0,4231.620000000001,70.527,0.7060700000000001,08,2020,202008,6,48,6.0,746.387
327,327,2020-08-31,,,,746387.0,4231.620000000001,70.527,0.7060700000000001,08,2020,202008,0,49,,746.387
328,328,2020-09-01,,,,746387.0,4231.620000000001,70.527,0.7060700000000001,09,2020,202009,1,49,,746.387
329,329,2020-09-02,,,,746387.0,4231.620000000001,70.527,0.7060700000000001,09,2020,202009,2,49,,746.387
330,330,2020-09-03,,,,746387.0,4231.620000000001,70.527,0.7060700000000001,09,2020,202009,3,49,,746.387
331,331,2020-09-04,,,,746387.0,4231.620000000001,70.527,0.7060700000000001,09,2020,202009,4,49,,746.387
332,332,2020-09-05,,,,746387.0,4231.620000000001,70.527,0.7060700000000001,09,2020,202009,5,49,,746.387
333,333,2020-09-06,,,,746387.0,4231.620000000001,70.527,0.7060700000000001,09,2020,202009,6,49,,746.387
334,334,2020-09-07,Chargers Run,6000.0,30.0,752387.0,4261.620000000001,71.027,0.71107,09,2020,202009,0,50,6.0,752.387
335,335,2020-09-08,,,,752387.0,4261.620000000001,71.027,0.71107,09,2020,202009,1,50,,752.387
336,336,2020-09-09,,,,752387.0,4261.620000000001,71.027,0.71107,09,2020,202009,2,50,,752.387
337,337,2020-09-10,,,,752387.0,4261.620000000001,71.027,0.71107,09,2020,202009,3,50,,752.387
338,338,2020-09-11,,,,752387.0,4261.620000000001,71.027,0.71107,09,2020,202009,4,50,,752.387
339,339,2020-09-12,,,,752387.0,4261.620000000001,71.027,0.71107,09,2020,202009,5,50,,752.387
340,340,2020-09-13,,,,752387.0,4261.620000000001,71.027,0.71107,09,2020,202009,6,50,,752.387
341,341,2020-09-14,,,,752387.0,4261.620000000001,71.027,0.71107,09,2020,202009,0,51,,752.387
342,342,2020-09-15,,,,752387.0,4261.620000000001,71.027,0.71107,09,2020,202009,1,51,,752.387
343,343,2020-09-16,,,,752387.0,4261.620000000001,71.027,0.71107,09,2020,202009,2,51,,752.387
344,344,2020-09-17,,,,752387.0,4261.620000000001,71.027,0.71107,09,2020,202009,3,51,,752.387
345,345,2020-09-18,,,,752387.0,4261.620000000001,71.027,0.71107,09,2020,202009,4,51,,752.387
346,346,2020-09-19,,,,752387.0,4261.620000000001,71.027,0.71107,09,2020,202009,5,51,,752.387
347,347,2020-09-20,,,,752387.0,4261.620000000001,71.027,0.71107,09,2020,202009,6,51,,752.387
348,348,2020-09-21,,,,752387.0,4261.620000000001,71.027,0.71107,09,2020,202009,0,52,,752.387
349,349,2020-09-22,,,,752387.0,4261.620000000001,71.027,0.71107,09,2020,202009,1,52,,752.387
350,350,2020-09-23,,,,752387.0,4261.620000000001,71.027,0.71107,09,2020,202009,2,52,,752.387
351,351,2020-09-24,,,,752387.0,4261.620000000001,71.027,0.71107,09,2020,202009,3,52,,752.387
352,352,2020-09-25,,,,752387.0,4261.620000000001,71.027,0.71107,09,2020,202009,4,52,,752.387
353,353,2020-09-26,,,,752387.0,4261.620000000001,71.027,0.71107,09,2020,202009,5,52,,752.387
354,354,2020-09-27,,,,752387.0,4261.620000000001,71.027,0.71107,09,2020,202009,6,52,,752.387
355,355,2020-09-28,,,,752387.0,4261.620000000001,71.027,0.71107,09,2020,202009,0,53,,752.387
356,356,2020-09-29,,,,752387.0,4261.620000000001,71.027,0.71107,09,2020,202009,1,53,,752.387
357,357,2020-09-30,,,,752387.0,4261.620000000001,71.027,0.71107,09,2020,202009,2,53,,752.387
358,358,2020-10-01,,,,752387.0,4261.620000000001,71.027,0.71107,10,2020,202010,3,53,,752.387
359,359,2020-10-02,,,,752387.0,4261.620000000001,71.027,0.71107,10,2020,202010,4,53,,752.387
360,360,2020-10-03,,,,752387.0,4261.620000000001,71.027,0.71107,10,2020,202010,5,53,,752.387
361,361,2020-10-04,,,,752387.0,4261.620000000001,71.027,0.71107,10,2020,202010,6,53,,752.387
362,362,2020-10-05,Run Basher Rocket Dual,5680.0,30.0,758067.0,4291.620000000001,71.527,0.71607,10,2020,202010,0,54,5.68,758.067
363,363,2020-10-06,,,,758067.0,4291.620000000001,71.527,0.71607,10,2020,202010,1,54,,758.067
364,364,2020-10-07,,,,758067.0,4291.620000000001,71.527,0.71607,10,2020,202010,2,54,,758.067
365,365,2020-10-08,,,,758067.0,4291.620000000001,71.527,0.71607,10,2020,202010,3,54,,758.067
366,366,2020-10-09,Run Basher Rocket Dual,5830.0,30.0,763897.0,4321.620000000001,72.027,0.7210700000000001,10,2020,202010,4,54,5.83,763.897
367,367,2020-10-10,,,,763897.0,4321.620000000001,72.027,0.7210700000000001,10,2020,202010,5,54,,763.897
368,368,2020-10-11,,,,763897.0,4321.620000000001,72.027,0.7210700000000001,10,2020,202010,6,54,,763.897
369,369,2020-10-12,Run Basher Rocket Dual,5840.0,30.0,769737.0,4351.620000000001,72.527,0.72607,10,2020,202010,0,55,5.84,769.737
370,370,2020-10-13,,,,769737.0,4351.620000000001,72.527,0.72607,10,2020,202010,1,55,,769.737
371,371,2020-10-14,,,,769737.0,4351.620000000001,72.527,0.72607,10,2020,202010,2,55,,769.737
372,372,2020-10-15,,,,769737.0,4351.620000000001,72.527,0.72607,10,2020,202010,3,55,,769.737
373,373,2020-10-16,Run Basher Rocket Dual,6100.0,30.0,775837.0,4381.620000000001,73.027,0.73107,10,2020,202010,4,55,6.1,775.837
374,374,2020-10-17,Chargers Run,6000.0,30.0,781837.0,4411.620000000001,73.527,0.73607,10,2020,202010,5,55,6.0,781.837
375,375,2020-10-18,,,,781837.0,4411.620000000001,73.527,0.73607,10,2020,202010,6,55,,781.837
376,376,2020-10-19,,,,781837.0,4411.620000000001,73.527,0.73607,10,2020,202010,0,56,,781.837
377,377,2020-10-20,,,,781837.0,4411.620000000001,73.527,0.73607,10,2020,202010,1,56,,781.837
378,378,2020-10-21,Run,5830.0,28.0,787667.0,4439.620000000001,73.99366666666667,0.7407366666666667,10,2020,202010,2,56,5.83,787.667
379,379,2020-10-22,,,,787667.0,4439.620000000001,73.99366666666667,0.7407366666666667,10,2020,202010,3,56,,787.667
380,380,2020-10-23,Run,5000.0,29.3,792667.0,4468.920000000001,74.482,0.7456866666666667,10,2020,202010,4,56,5.0,792.667
381,381,2020-10-24,Run,11790.0,62.0,804457.0,4530.920000000001,75.51533333333333,0.7560199999999999,10,2020,202010,5,56,11.79,804.457
382,382,2020-10-25,Run,5540.0,25.0,809997.0,4555.920000000001,75.932,0.7601866666666667,10,2020,202010,6,56,5.54,809.997
383,383,2020-10-26,,,,809997.0,4555.920000000001,75.932,0.7601866666666667,10,2020,202010,0,57,,809.997
384,384,2020-10-27,Interval,12600.0,70.0,822597.0,4625.920000000001,77.09866666666667,0.7718533333333333,10,2020,202010,1,57,12.6,822.597
385,385,2020-10-28,,,,822597.0,4625.920000000001,77.09866666666667,0.7718533333333333,10,2020,202010,2,57,,822.597
386,386,2020-10-29,,,,822597.0,4625.920000000001,77.09866666666667,0.7718533333333333,10,2020,202010,3,57,,822.597
387,387,2020-10-30,Run,9840.0,60.0,832437.0,4685.920000000001,78.09866666666667,0.7818533333333334,10,2020,202010,4,57,9.84,832.437
388,388,2020-10-31,Run,10640.0,67.0,843077.0,4752.920000000001,79.21533333333333,0.7930200000000001,10,2020,202010,5,57,10.64,843.077
389,389,2020-11-01,,,,843077.0,4752.920000000001,79.21533333333333,0.7930200000000001,11,2020,202011,6,57,,843.077
390,390,2020-11-02,Run,5000.0,23.03,848077.0,4775.950000000001,79.59916666666666,0.7968583333333332,11,2020,202011,0,58,5.0,848.077
391,391,2020-11-03,Run,7380.0,38.06,855457.0,4814.010000000001,80.23349999999999,0.8032016666666667,11,2020,202011,1,58,7.38,855.457
392,392,2020-11-04,,,,855457.0,4814.010000000001,80.23349999999999,0.8032016666666667,11,2020,202011,2,58,,855.457
393,393,2020-11-05,Interval,4500.0,22.45,859957.0,4836.460000000001,80.60766666666666,0.80701,11,2020,202011,3,58,4.5,859.957
394,394,2020-11-06,,,,859957.0,4836.460000000001,80.60766666666666,0.80701,11,2020,202011,4,58,,859.957
395,395,2020-11-07,Run,5000.0,30.47,864957.0,4866.930000000001,81.1155,0.8120883333333334,11,2020,202011,5,58,5.0,864.957
396,396,2020-11-08,Run,10000.0,58.06,874957.0,4924.990000000002,82.08316666666667,0.821765,11,2020,202011,6,58,10.0,874.957
397,397,2020-11-09,,,,874957.0,4924.990000000002,82.08316666666667,0.821765,11,2020,202011,0,59,,874.957
398,398,2020-11-10,,,,874957.0,4924.990000000002,82.08316666666667,0.821765,11,2020,202011,1,59,,874.957
399,399,2020-11-11,Interval,2301.0,11.2,877258.0,4936.190000000001,82.26983333333334,0.8236983333333333,11,2020,202011,2,59,2.301,877.258
400,400,2020-11-11,Run,6260.0,35.11,883518.0,4971.300000000001,82.855,0.8295500000000001,11,2020,202011,2,59,6.26,883.518
401,401,2020-11-12,,,,883518.0,4971.300000000001,82.855,0.8295500000000001,11,2020,202011,3,59,,883.518
402,402,2020-11-13,Run,10018.0,62.17,893536.0,5033.470000000001,83.89116666666668,0.8399116666666668,11,2020,202011,4,59,10.018,893.536
403,403,2020-11-14,Run,10000.0,59.11,903536.0,5092.580000000001,84.87633333333335,0.8497633333333332,11,2020,202011,5,59,10.0,903.536
404,404,2020-11-15,,,,903536.0,5092.580000000001,84.87633333333335,0.8497633333333332,11,2020,202011,6,59,,903.536
405,405,2020-11-16,Run,5000.0,24.09,908536.0,5116.670000000001,85.27783333333335,0.853845,11,2020,202011,0,60,5.0,908.536
406,406,2020-11-17,Run,10010.0,59.4,918546.0,5176.070000000001,86.26783333333334,0.863745,11,2020,202011,1,60,10.01,918.546
407,407,2020-11-18,,,,918546.0,5176.070000000001,86.26783333333334,0.863745,11,2020,202011,2,60,,918.546
408,408,2020-11-19,,,,918546.0,5176.070000000001,86.26783333333334,0.863745,11,2020,202011,3,60,,918.546
409,409,2020-11-20,,,,918546.0,5176.070000000001,86.26783333333334,0.863745,11,2020,202011,4,60,,918.546
410,410,2020-11-21,,,,918546.0,5176.070000000001,86.26783333333334,0.863745,11,2020,202011,5,60,,918.546
411,411,2020-11-22,Run,10017.0,57.29,928563.0,5233.360000000001,87.22266666666668,0.8733599999999999,11,2020,202011,6,60,10.017,928.563
412,412,2020-11-23,Run,1009.0,5.3,929572.0,5238.660000000001,87.31100000000002,0.8742433333333334,11,2020,202011,0,61,1.009,929.572
413,413,2020-11-23,Run,5000.0,22.57,934572.0,5261.2300000000005,87.68716666666668,0.8780716666666667,11,2020,202011,0,62,5.0,934.572
414,414,2020-11-24,,,,934572.0,5261.2300000000005,87.68716666666668,0.8780716666666667,11,2020,202011,1,62,,934.572
415,415,2020-11-25,Run,4600.0,27.22,939172.0,5288.450000000001,88.14083333333335,0.882675,11,2020,202011,2,62,4.6,939.172
416,416,2020-11-26,Run,10000.0,52.43,949172.0,5340.880000000001,89.01466666666668,0.8914133333333333,11,2020,202011,3,62,10.0,949.172
417,417,2020-11-27,,,,949172.0,5340.880000000001,89.01466666666668,0.8914133333333333,11,2020,202011,4,62,,949.172
418,418,2020-11-28,,,,949172.0,5340.880000000001,89.01466666666668,0.8914133333333333,11,2020,202011,5,62,,949.172
419,419,2020-11-29,Run,15000.0,84.12,964172.0,5425.000000000001,90.41666666666669,0.9055,11,2020,202011,6,62,15.0,964.172
420,420,2020-11-30,,,,964172.0,5425.000000000001,90.41666666666669,0.9055,11,2020,202011,0,63,,964.172
421,421,2020-12-01,Interval,2730.0,15.03,966902.0,5440.030000000001,90.66716666666669,0.908005,12,2020,202012,1,63,2.73,966.902
422,422,2020-12-01,Run,5400.0,32.0,972302.0,5472.030000000001,91.20050000000002,0.9133383333333334,12,2020,202012,1,63,5.4,972.302
423,423,2020-12-02,Run,10000.0,49.45,982302.0,5521.4800000000005,92.02466666666669,0.92158,12,2020,202012,2,63,10.0,982.302
424,424,2020-12-03,Run,5230.0,31.57,987532.0,5553.05,92.55083333333336,0.9269083333333332,12,2020,202012,3,63,5.23,987.532
425,425,2020-12-04,,,,987532.0,5553.05,92.55083333333336,0.9269083333333332,12,2020,202012,4,63,,987.532
426,426,2020-12-05,,,,987532.0,5553.05,92.55083333333336,0.9269083333333332,12,2020,202012,5,63,,987.532
427,427,2020-12-06,,,,987532.0,5553.05,92.55083333333336,0.9269083333333332,12,2020,202012,6,63,,987.532
428,428,2020-12-07,Run,9300.0,50.16,996832.0,5603.21,93.38683333333336,0.935335,12,2020,202012,0,64,9.3,996.832
429,429,2020-12-08,,,,996832.0,5603.21,93.38683333333336,0.935335,12,2020,202012,1,64,,996.832
430,430,2020-12-09,Run,4570.0,26.27,1001402.0,5629.4800000000005,93.82466666666669,0.9397133333333332,12,2020,202012,2,64,4.57,1001.402
431,431,2020-12-10,,,,1001402.0,5629.4800000000005,93.82466666666669,0.9397133333333332,12,2020,202012,3,64,,1001.402
432,432,2020-12-11,,,,1001402.0,5629.4800000000005,93.82466666666669,0.9397133333333332,12,2020,202012,4,64,,1001.402
433,433,2020-12-12,,,,1001402.0,5629.4800000000005,93.82466666666669,0.9397133333333332,12,2020,202012,5,64,,1001.402
434,434,2020-12-13,Race!,21000.0,103.25,1022402.0,5732.7300000000005,95.54550000000002,0.9569216666666668,12,2020,202012,6,64,21.0,1022.402
435,435,2020-12-14,,,,1022402.0,5732.7300000000005,95.54550000000002,0.9569216666666668,12,2020,202012,0,65,,1022.402
436,436,2020-12-15,,,,1022402.0,5732.7300000000005,95.54550000000002,0.9569216666666668,12,2020,202012,1,65,,1022.402
437,437,2020-12-16,,,,1022402.0,5732.7300000000005,95.54550000000002,0.9569216666666668,12,2020,202012,2,65,,1022.402
438,438,2020-12-17,Run,5340.0,30.12,1027742.0,5762.85,96.04750000000001,0.9620083333333332,12,2020,202012,3,65,5.34,1027.742
439,439,2020-12-18,,,,1027742.0,5762.85,96.04750000000001,0.9620083333333332,12,2020,202012,4,65,,1027.742
440,440,2020-12-19,Run,6009.0,38.27,1033751.0,5801.120000000001,96.68533333333335,0.9683866666666664,12,2020,202012,5,65,6.009,1033.751
441,441,2020-12-20,Run,6500.0,39.37,1040251.0,5840.490000000001,97.34150000000001,0.975015,12,2020,202012,6,65,6.5,1040.251
442,442,2020-12-21,,,,1040251.0,5840.490000000001,97.34150000000001,0.975015,12,2020,202012,0,66,,1040.251
443,443,2020-12-22,Run,10000.0,57.32,1050251.0,5897.81,98.29683333333334,0.9845683333333332,12,2020,202012,1,66,10.0,1050.251
444,444,2020-12-23,,,,1050251.0,5897.81,98.29683333333334,0.9845683333333332,12,2020,202012,2,66,,1050.251
445,445,2020-12-24,,,,1050251.0,5897.81,98.29683333333334,0.9845683333333332,12,2020,202012,3,66,,1050.251
446,446,2020-12-25,,,,1050251.0,5897.81,98.29683333333334,0.9845683333333332,12,2020,202012,4,66,,1050.251
447,447,2020-12-26,Run,5870.0,29.25,1056121.0,5927.06,98.78433333333334,0.98951,12,2020,202012,5,66,5.87,1056.121
448,448,2020-12-27,Run,5890.0,33.22,1062011.0,5960.280000000001,99.33800000000001,0.9950466666666666,12,2020,202012,6,66,5.89,1062.011
449,449,2020-12-28,Run,10140.0,58.45,1072151.0,6018.7300000000005,100.31216666666667,1.004855,12,2020,202012,0,67,10.14,1072.151
450,450,2020-12-29,,,,1072151.0,6018.7300000000005,100.31216666666667,1.004855,12,2020,202012,1,67,,1072.151
451,451,2020-12-30,,,,1072151.0,6018.7300000000005,100.31216666666667,1.004855,12,2020,202012,2,67,,1072.151
452,452,2020-12-31,,,,1072151.0,6018.7300000000005,100.31216666666667,1.004855,12,2020,202012,3,67,,1072.151
453,453,2021-01-01,Run,10002.0,58.27,1082153.0,6077.000000000001,101.28333333333333,1.0145666666666666,01,2021,202101,4,67,10.002,1082.153
454,454,2021-01-02,,,,1082153.0,6077.000000000001,101.28333333333333,1.0145666666666666,01,2021,202101,5,67,,1082.153
455,455,2021-01-03,,,,1082153.0,6077.000000000001,101.28333333333333,1.0145666666666666,01,2021,202101,6,67,,1082.153
456,456,2021-01-04,Run,5000.0,22.39,1087153.0,6099.390000000001,101.6565,1.018365,01,2021,202101,0,68,5.0,1087.153
457,457,2021-01-05,Run,10002.0,55.29,1097155.0,6154.680000000001,102.57799999999999,1.02758,01,2021,202101,1,68,10.002,1097.155
458,458,2021-01-06,,,,1097155.0,6154.680000000001,102.57799999999999,1.02758,01,2021,202101,2,68,,1097.155
459,459,2021-01-07,,,,1097155.0,6154.680000000001,102.57799999999999,1.02758,01,2021,202101,3,68,,1097.155
460,460,2021-01-08,,,,1097155.0,6154.680000000001,102.57799999999999,1.02758,01,2021,202101,4,68,,1097.155
461,461,2021-01-09,Run,20001.0,119.54,1117156.0,6274.220000000001,104.57033333333332,1.04757,01,2021,202101,5,68,20.001,1117.156
462,462,2021-01-10,,,,1117156.0,6274.220000000001,104.57033333333332,1.04757,01,2021,202101,6,68,,1117.156
463,463,2021-01-11,Run,10001.0,49.33,1127157.0,6323.550000000001,105.39249999999998,1.0558583333333331,01,2021,202101,0,69,10.001,1127.157
464,464,2021-01-12,,,,1127157.0,6323.550000000001,105.39249999999998,1.0558583333333331,01,2021,202101,1,69,,1127.157
465,465,2021-01-13,Run,6000.0,32.25,1133157.0,6355.800000000001,105.92999999999998,1.0612333333333333,01,2021,202101,2,69,6.0,1133.157
466,466,2021-01-14,Run,7370.0,41.12,1140527.0,6396.920000000001,106.61533333333331,1.0680866666666666,01,2021,202101,3,69,7.37,1140.527
467,467,2021-01-15,,,,1140527.0,6396.920000000001,106.61533333333331,1.0680866666666666,01,2021,202101,4,69,,1140.527
468,468,2021-01-16,Run,10001.0,64.44,1150528.0,6461.360000000001,107.68933333333331,1.0788933333333333,01,2021,202101,5,69,10.001,1150.528
469,469,2021-01-17,Run,5730.0,27.24,1156258.0,6488.6,108.1433333333333,1.0835,01,2021,202101,6,69,5.73,1156.258
470,470,2021-01-18,,,,1156258.0,6488.6,108.1433333333333,1.0835,01,2021,202101,0,70,,1156.258
471,471,2021-01-19,Run,10240.0,60.2,1166498.0,6548.8,109.14666666666663,1.0935333333333332,01,2021,202101,1,70,10.24,1166.498
472,472,2021-01-20,,,,1166498.0,6548.8,109.14666666666663,1.0935333333333332,01,2021,202101,2,70,,1166.498
473,473,2021-01-21,Run,10002.0,57.4,1176500.0,6606.2,110.1033333333333,1.1031666666666666,01,2021,202101,3,70,10.002,1176.5
474,474,2021-01-22,,,,1176500.0,6606.2,110.1033333333333,1.1031666666666666,01,2021,202101,4,70,,1176.5
475,475,2021-01-23,Run,5320.0,33.07,1181820.0,6639.2699999999995,110.65449999999996,1.1086783333333332,01,2021,202101,5,70,5.32,1181.82
476,476,2021-01-24,Run,15400.0,79.37,1197220.0,6718.639999999999,111.97733333333329,1.1219066666666666,01,2021,202101,6,70,15.4,1197.22
477,477,2021-01-25,,,,1197220.0,6718.639999999999,111.97733333333329,1.1219066666666666,01,2021,202101,0,71,,1197.22
478,478,2021-01-26,Run,10001.0,48.38,1207221.0,6767.0199999999995,112.78366666666662,1.1300366666666668,01,2021,202101,1,71,10.001,1207.221
479,479,2021-01-27,,,,1207221.0,6767.0199999999995,112.78366666666662,1.1300366666666668,01,2021,202101,2,71,,1207.221
480,480,2021-01-28,Run,10001.0,55.18,1217222.0,6822.2,113.70333333333329,1.139233333333333,01,2021,202101,3,71,10.001,1217.222
481,481,2021-01-29,Run,6000.0,34.26,1223222.0,6856.46,114.27433333333329,1.14501,01,2021,202101,4,71,6.0,1223.222
482,482,2021-01-30,,,,1223222.0,6856.46,114.27433333333329,1.14501,01,2021,202101,5,71,,1223.222
483,483,2021-01-31,Run,18000.0,142.17,1241222.0,6998.63,116.64383333333329,1.168705,01,2021,202101,6,71,18.0,1241.222
484,484,2021-02-01,Run,6000.0,34.05,1247222.0,7032.68,117.21133333333329,1.17438,02,2021,202102,0,72,6.0,1247.222
485,485,2021-02-02,,,,1247222.0,7032.68,117.21133333333329,1.17438,02,2021,202102,1,72,,1247.222
486,486,2021-02-03,Run,10000.0,46.25,1257222.0,7078.93,117.98216666666661,1.1820883333333332,02,2021,202102,2,72,10.0,1257.222
487,487,2021-02-04,,,,1257222.0,7078.93,117.98216666666661,1.1820883333333332,02,2021,202102,3,72,,1257.222
488,488,2021-02-05,Run,10009.0,51.5,1267231.0,7130.43,118.84049999999995,1.1907383333333337,02,2021,202102,4,72,10.009,1267.231
489,489,2021-02-06,,,,1267231.0,7130.43,118.84049999999995,1.1907383333333337,02,2021,202102,5,72,,1267.231
490,490,2021-02-07,Run,20000.0,117.52,1287231.0,7247.950000000001,120.79916666666662,1.2103916666666668,02,2021,202102,6,72,20.0,1287.231
491,491,2021-02-08,,,,1287231.0,7247.950000000001,120.79916666666662,1.2103916666666668,02,2021,202102,0,73,,1287.231
492,492,2021-02-09,Run,5360.0,30.1,1292591.0,7278.050000000001,121.30083333333329,1.2154083333333332,02,2021,202102,1,73,5.36,1292.591
493,493,2021-02-10,,,,1292591.0,7278.050000000001,121.30083333333329,1.2154083333333332,02,2021,202102,2,73,,1292.591
494,494,2021-02-11,Run,10001.0,55.54,1302592.0,7333.590000000001,122.22649999999996,1.2247316666666668,02,2021,202102,3,73,10.001,1302.592
495,495,2021-02-12,Run,13008.0,71.44,1315600.0,7405.030000000001,123.41716666666663,1.236705,02,2021,202102,4,73,13.008,1315.6
496,496,2021-02-13,,,,1315600.0,7405.030000000001,123.41716666666663,1.236705,02,2021,202102,5,73,,1315.6
497,497,2021-02-14,,,,1315600.0,7405.030000000001,123.41716666666663,1.236705,02,2021,202102,6,73,,1315.6
498,498,2021-02-15,,,,1315600.0,7405.030000000001,123.41716666666663,1.236705,02,2021,202102,0,74,,1315.6
499,499,2021-02-16,,,,1315600.0,7405.030000000001,123.41716666666663,1.236705,02,2021,202102,1,74,,1315.6
500,500,2021-02-17,Run,9270.0,49.31,1324870.0,7454.340000000001,124.23899999999996,1.2449233333333334,02,2021,202102,2,74,9.27,1324.87
501,501,2021-02-18,,,,1324870.0,7454.340000000001,124.23899999999996,1.2449233333333334,02,2021,202102,3,74,,1324.87
502,502,2021-02-19,Run,14470.0,89.0,1339340.0,7543.340000000001,125.7223333333333,1.2597566666666666,02,2021,202102,4,74,14.47,1339.34
503,503,2021-02-20,Run,10000.0,52.48,1349340.0,7595.820000000001,126.59699999999997,1.26857,02,2021,202102,5,74,10.0,1349.34
504,504,2021-02-21,Run,16350.0,85.06,1365690.0,7680.880000000001,128.01466666666664,1.2827466666666665,02,2021,202102,6,74,16.35,1365.69
505,505,2021-02-22,,,,1365690.0,7680.880000000001,128.01466666666664,1.2827466666666665,02,2021,202102,0,75,,1365.69
506,506,2021-02-23,Run,8700.0,44.05,1374390.0,7724.930000000001,128.7488333333333,1.2900883333333333,02,2021,202102,1,75,8.7,1374.39
507,507,2021-02-24,,,,1374390.0,7724.930000000001,128.7488333333333,1.2900883333333333,02,2021,202102,2,75,,1374.39
508,508,2021-02-25,,,,1374390.0,7724.930000000001,128.7488333333333,1.2900883333333333,02,2021,202102,3,75,,1374.39
509,509,2021-02-26,Run,15270.0,84.31,1389660.0,7809.240000000002,130.15399999999997,1.3042066666666663,02,2021,202102,4,75,15.27,1389.66
510,510,2021-02-27,Run,5730.0,32.41,1395390.0,7841.6500000000015,130.69416666666663,1.309675,02,2021,202102,5,75,5.73,1395.39
511,511,2021-02-28,Run,4530.0,30.39,1399920.0,7872.040000000002,131.20066666666662,1.31474,02,2021,202102,6,75,4.53,1399.92
512,512,2021-03-01,,,,1399920.0,7872.040000000002,131.20066666666662,1.31474,03,2021,202103,0,76,,1399.92
513,513,2021-03-02,Run,10000.0,56.33,1409920.0,7928.370000000002,132.13949999999994,1.324195,03,2021,202103,1,76,10.0,1409.92
514,514,2021-03-03,,,,1409920.0,7928.370000000002,132.13949999999994,1.324195,03,2021,202103,2,76,,1409.92
515,515,2021-03-04,Run,9240.0,51.41,1419160.0,7979.780000000002,132.99633333333327,1.3327633333333333,03,2021,202103,3,76,9.24,1419.16
516,516,2021-03-05,,,,1419160.0,7979.780000000002,132.99633333333327,1.3327633333333333,03,2021,202103,4,76,,1419.16
517,517,2021-03-06,Run,10301.0,56.54,1429461.0,8036.3200000000015,133.9386666666666,1.3422533333333333,03,2021,202103,5,76,10.301,1429.461
518,518,2021-03-07,Run,10301.0,53.01,1439762.0,8089.330000000002,134.8221666666666,1.3510883333333332,03,2021,202103,6,76,10.301,1439.762
519,519,2021-03-08,Run,5009.0,27.29,1444771.0,8116.620000000002,135.27699999999993,1.3557033333333337,03,2021,202103,0,77,5.009,1444.771
520,520,2021-03-09,,,,1444771.0,8116.620000000002,135.27699999999993,1.3557033333333337,03,2021,202103,1,77,,1444.771
521,521,2021-03-10,Run,21010.0,111.3,1465781.0,8227.920000000002,137.13199999999992,1.374253333333333,03,2021,202103,2,77,21.01,1465.781
522,522,2021-03-11,,,,1465781.0,8227.920000000002,137.13199999999992,1.374253333333333,03,2021,202103,3,77,,1465.781
523,523,2021-03-12,,,,1465781.0,8227.920000000002,137.13199999999992,1.374253333333333,03,2021,202103,4,77,,1465.781
524,524,2021-03-13,Run,10003.0,54.57,1475784.0,8282.490000000002,138.04149999999993,1.383415,03,2021,202103,5,77,10.003,1475.784
525,525,2021-03-14,,,,1475784.0,8282.490000000002,138.04149999999993,1.383415,03,2021,202103,6,77,,1475.784
526,526,2021-03-15,,,,1475784.0,8282.490000000002,138.04149999999993,1.383415,03,2021,202103,0,78,,1475.784
527,527,2021-03-16,Run,6450.0,35.01,1482234.0,8317.500000000002,138.62499999999991,1.38925,03,2021,202103,1,78,6.45,1482.234
528,528,2021-03-17,Run,10000.0,54.28,1492234.0,8371.780000000002,139.52966666666657,1.3983633333333334,03,2021,202103,2,78,10.0,1492.234
529,529,2021-03-18,,,,1492234.0,8371.780000000002,139.52966666666657,1.3983633333333334,03,2021,202103,3,78,,1492.234
530,530,2021-03-19,Run,10100.0,50.56,1502334.0,8422.340000000002,140.37233333333324,1.4068566666666666,03,2021,202103,4,78,10.1,1502.334
531,531,2021-03-20,,,,1502334.0,8422.340000000002,140.37233333333324,1.4068566666666666,03,2021,202103,5,78,,1502.334
532,532,2021-03-21,,,,1502334.0,8422.340000000002,140.37233333333324,1.4068566666666666,03,2021,202103,6,78,,1502.334
533,533,2021-03-22,,,,1502334.0,8422.340000000002,140.37233333333324,1.4068566666666666,03,2021,202103,0,79,,1502.334
534,534,2021-03-23,,,,1502334.0,8422.340000000002,140.37233333333324,1.4068566666666666,03,2021,202103,1,79,,1502.334
535,535,2021-03-24,,,,1502334.0,8422.340000000002,140.37233333333324,1.4068566666666666,03,2021,202103,2,79,,1502.334
536,536,2021-03-25,,,,1502334.0,8422.340000000002,140.37233333333324,1.4068566666666666,03,2021,202103,3,79,,1502.334
537,537,2021-03-26,,,,1502334.0,8422.340000000002,140.37233333333324,1.4068566666666666,03,2021,202103,4,79,,1502.334
538,538,2021-03-27,,,,1502334.0,8422.340000000002,140.37233333333324,1.4068566666666666,03,2021,202103,5,79,,1502.334
539,539,2021-03-28,,,,1502334.0,8422.340000000002,140.37233333333324,1.4068566666666666,03,2021,202103,6,79,,1502.334
540,540,2021-03-29,Run,10001.0,53.24,1512335.0,8475.580000000002,141.2596666666666,1.41573,03,2021,202103,0,80,10.001,1512.335
541,541,2021-03-30,,,,1512335.0,8475.580000000002,141.2596666666666,1.41573,03,2021,202103,1,80,,1512.335
542,542,2021-03-31,Run,9430.0,52.25,1521765.0,8527.830000000002,142.13049999999993,1.424505,03,2021,202103,2,80,9.43,1521.765
543,543,2021-04-01,,,,1521765.0,8527.830000000002,142.13049999999993,1.424505,04,2021,202104,3,80,,1521.765
544,544,2021-04-02,,,,1521765.0,8527.830000000002,142.13049999999993,1.424505,04,2021,202104,4,80,,1521.765
545,545,2021-04-03,,,,1521765.0,8527.830000000002,142.13049999999993,1.424505,04,2021,202104,5,80,,1521.765
546,546,2021-04-04,,,,1521765.0,8527.830000000002,142.13049999999993,1.424505,04,2021,202104,6,80,,1521.765
547,547,2021-04-05,,,,1521765.0,8527.830000000002,142.13049999999993,1.424505,04,2021,202104,0,81,,1521.765
548,548,2021-04-06,,,,1521765.0,8527.830000000002,142.13049999999993,1.424505,04,2021,202104,1,81,,1521.765
549,549,2021-04-07,,,,1521765.0,8527.830000000002,142.13049999999993,1.424505,04,2021,202104,2,81,,1521.765
550,550,2021-04-08,,,,1521765.0,8527.830000000002,142.13049999999993,1.424505,04,2021,202104,3,81,,1521.765
551,551,2021-04-09,,,,1521765.0,8527.830000000002,142.13049999999993,1.424505,04,2021,202104,4,81,,1521.765
552,552,2021-04-10,Run,10000.0,53.4,1531765.0,8581.230000000001,143.0204999999999,1.433405,04,2021,202104,5,81,10.0,1531.765
553,553,2021-04-11,,,,1531765.0,8581.230000000001,143.0204999999999,1.433405,04,2021,202104,6,81,,1531.765
554,554,2021-04-12,Run,10000.0,53.01,1541765.0,8634.240000000002,143.9039999999999,1.44224,04,2021,202104,0,82,10.0,1541.765
555,555,2021-04-13,,,,1541765.0,8634.240000000002,143.9039999999999,1.44224,04,2021,202104,1,82,,1541.765
556,556,2021-04-14,Run,6000.0,32.47,1547765.0,8666.710000000001,144.44516666666658,1.4477183333333332,04,2021,202104,2,82,6.0,1547.765
557,557,2021-04-15,,,,1547765.0,8666.710000000001,144.44516666666658,1.4477183333333332,04,2021,202104,3,82,,1547.765
558,558,2021-04-16,Run,16370.0,97.06,1564135.0,8763.77,146.06283333333326,1.4638950000000002,04,2021,202104,4,82,16.37,1564.135
559,559,2021-04-17,Hike,7860.0,137.12,1571995.0,8900.890000000001,148.3481666666666,1.4867483333333331,04,2021,202104,5,82,7.86,1571.995
560,560,2021-04-18,,,,1571995.0,8900.890000000001,148.3481666666666,1.4867483333333331,04,2021,202104,6,82,,1571.995
561,561,2021-04-19,,,,1571995.0,8900.890000000001,148.3481666666666,1.4867483333333331,04,2021,202104,0,83,,1571.995
562,562,2021-04-20,Run,10001.0,51.32,1581996.0,8952.210000000001,149.20349999999993,1.4953683333333332,04,2021,202104,1,83,10.001,1581.996
563,563,2021-04-21,,,,1581996.0,8952.210000000001,149.20349999999993,1.4953683333333332,04,2021,202104,2,83,,1581.996
564,564,2021-04-22,,,,1581996.0,8952.210000000001,149.20349999999993,1.4953683333333332,04,2021,202104,3,83,,1581.996
565,565,2021-04-23,Run,30006.0,177.06,1612002.0,9129.27,152.15449999999993,1.5248783333333331,04,2021,202104,4,83,30.006,1612.002
566,566,2021-04-24,,,,1612002.0,9129.27,152.15449999999993,1.5248783333333331,04,2021,202104,5,83,,1612.002
567,567,2021-04-25,,,,1612002.0,9129.27,152.15449999999993,1.5248783333333331,04,2021,202104,6,83,,1612.002
568,568,2021-04-26,Run,11500.0,62.0,1623502.0,9191.27,153.18783333333326,1.5352116666666666,04,2021,202104,0,84,11.5,1623.502
569,569,2021-04-27,,,,1623502.0,9191.27,153.18783333333326,1.5352116666666666,04,2021,202104,1,84,,1623.502
570,570,2021-04-28,Run,8890.0,45.15,1632392.0,9236.42,153.94033333333326,1.5427366666666666,04,2021,202104,2,84,8.89,1632.392
571,571,2021-04-29,,,,1632392.0,9236.42,153.94033333333326,1.5427366666666666,04,2021,202104,3,84,,1632.392
572,572,2021-04-30,Run,3500.0,20.05,1635892.0,9256.47,154.27449999999993,1.5460783333333332,04,2021,202104,4,84,3.5,1635.892
573,573,2021-05-01,,,,1635892.0,9256.47,154.27449999999993,1.5460783333333332,05,2021,202105,5,84,,1635.892
574,574,2021-05-02,,,,1635892.0,9256.47,154.27449999999993,1.5460783333333332,05,2021,202105,6,84,,1635.892
575,575,2021-05-03,,,,1635892.0,9256.47,154.27449999999993,1.5460783333333332,05,2021,202105,0,85,,1635.892
576,576,2021-05-04,,,,1635892.0,9256.47,154.27449999999993,1.5460783333333332,05,2021,202105,1,85,,1635.892
577,577,2021-05-05,,,,1635892.0,9256.47,154.27449999999993,1.5460783333333332,05,2021,202105,2,85,,1635.892
578,578,2021-05-06,Run,6002.0,30.13,1641894.0,9286.599999999999,154.77666666666659,1.5511666666666666,05,2021,202105,3,85,6.002,1641.894
579,579,2021-05-07,Run,10000.0,55.24,1651894.0,9341.839999999998,155.69733333333326,1.5603733333333334,05,2021,202105,4,85,10.0,1651.894
580,580,2021-05-08,,,,1651894.0,9341.839999999998,155.69733333333326,1.5603733333333334,05,2021,202105,5,85,,1651.894
581,581,2021-05-09,Run,10006.0,57.14,1661900.0,9398.979999999998,156.6496666666666,1.5698966666666665,05,2021,202105,6,85,10.006,1661.9
